Name,Birthday,Country
Cullen Hopkins,1975/07/31,United States
Stuart Joseph,2008/12/16,France
Herrod Reilly,1921/09/10,United States
Elijah Clay,1969/05/12,United Kingdom
Elvis Williamson,1951/04/15,Indonesia
Evan Mcmillan,1953/03/28,Guinea-Bissau
Alexander Gallegos,2016/02/12,Niue
Quentin Bridges,1980/04/20,Tonga
Stone Dillon,1982/12/12,Switzerland
John Riley,1939/12/27,Timor-Leste
Gil Bryan,1996/03/21,Zambia
Michael Dale,1926/01/29,United Kingdom
Timothy Hickman,1974/02/01,Australia
Beau Harmon,1976/10/20,Serbia
Jonas Simpson,1978/12/13,Malaysia
Brandon Mcdowell,2014/11/04,Australia
Axel Boyle,1975/09/01,United States Minor Outlying Islands
Quinlan Dunn,1941/05/09,Brazil
Ferdinand Ewing,1958/08/22,Palau
Zachery Castillo,1928/05/06,Saint Barthélemy
Mohammad Cleveland,1924/08/03,United Kingdom
Orlando Mooney,2005/01/08,Faroe Islands
Brenden Clay,1947/01/31,Guinea-Bissau
Colin Battle,1995/01/23,United Kingdom
Michael Valdez,1987/01/01,Guinea-Bissau
Lyle Booker,1954/11/17,Paraguay
Malik Workman,1964/08/06,Slovakia
Jordan Gallegos,1978/09/30,Canada
Myles Mason,1949/10/06,Iceland
Hamish Lindsay,1999/09/15,Canada
Wyatt Cain,1982/04/25,Canada
Brandon Spears,2004/01/28,New Caledonia
Neville Hart,2015/02/05,Iraq
Carson Sanford,1964/12/12,Holy See (Vatican City State)
Hashim Knowles,1936/07/12,French Polynesia
Craig Cooley,2007/07/25,Mayotte
Steven Horn,1916/07/22,Timor-Leste
Kasimir Charles,1988/05/28,Sierra Leone
Colorado Alford,1934/10/08,Canada
Jordan Lloyd,1920/04/19,Pitcairn Islands
Alvin Hatfield,1967/07/08,Nicaragua
Cooper Schroeder,2015/07/08,Tanzania
Avram Lara,1997/02/16,Kyrgyzstan
Xenos Vincent,1971/01/13,Kenya
Noble Faulkner,1987/07/14,Tajikistan
Bradley Campbell,1919/01/19,Canada
Armando Sampson,1964/08/28,United States
Clark Rodriguez,2007/09/28,Mexico
Zeph Cantu,1930/10/07,Macao
Cody Neal,1952/08/30,Canada
Jameson Jarvis,1998/08/27,Australia
Lawrence Charles,1959/04/22,Hong Kong
Hammett Eaton,1957/03/21,Philippines
Elliott Barry,1936/09/01,Brazil
Asher Banks,2007/07/12,Canada
Wang Merrill,1939/09/01,Canada
Blake Dudley,1957/09/06,"Korea, South"
Nasim Moore,1994/01/02,Iceland
Cody Robbins,1982/12/11,Trinidad and Tobago
Murphy Gates,1959/09/08,Philippines
Travis Johnson,1969/08/12,Italy
Preston Fulton,2004/08/31,Uzbekistan
Marsden Pollard,1988/07/21,Canada
Leo Madden,1936/10/29,Saint Kitts and Nevis
Hamish Skinner,1988/02/04,Canada
Fletcher Howe,1943/04/03,India
Gray Sellers,1986/10/20,Saint Kitts and Nevis
Eric Andrews,2001/10/05,Canada
Walter Velez,2017/06/09,Anguilla
Lawrence Bennett,1992/12/24,Canada
Brady Carlson,1983/07/29,United Kingdom
Hu Fischer,2013/02/16,Fiji
Owen Harrison,1917/02/12,Montenegro
Coby Jones,1993/01/24,United Arab Emirates
Colin Lee,1927/08/03,French Guiana
Oscar Thomas,1937/01/11,Oman
Berk Fox,1926/08/09,Australia
Emmanuel Jarvis,1981/11/05,Brazil
Aidan Vinson,1977/11/30,Iraq
Calvin Roy,1979/09/11,Australia
Benjamin Burns,1995/10/27,Mexico
Dane Patton,1971/11/29,Canada
Salvador Dale,1915/01/28,Namibia
Harrison Young,1977/07/17,Brazil
Caldwell Rogers,1940/07/17,Tajikistan
Jack Higgins,1968/11/17,Kiribati
Malcolm Young,1981/12/29,Canada
Charles Mosley,2020/12/07,Australia
Aquila Mosley,1960/07/11,Heard Island and Mcdonald Islands
Elmo Koch,1923/01/18,Canada
Octavius Tyler,2005/11/14,Nauru
Christopher Savage,1991/11/19,Poland
Robert Cantrell,1960/08/17,Kenya
Philip Mckee,1965/11/09,Fiji
Davis Meyer,1962/10/10,Uzbekistan
Ferdinand Ruiz,1926/01/15,Philippines
Andrew Beard,1947/04/30,United Kingdom
Victor Quinn,1969/04/05,Timor-Leste
Devin Hoffman,1990/04/15,Greenland
Matthew Banks,1956/09/13,Latvia
Hasad Gaines,1945/09/30,Brazil
Zachery Drake,1982/07/06,Saint Barthélemy
Calvin Schmidt,1981/12/17,Norway
Adam Fernandez,2011/02/07,Namibia
Kenyon Hale,2019/01/21,Kazakhstan
Beck Mayer,2015/02/14,Mayotte
Alan Haney,1945/01/07,Guernsey
Beck Barr,1954/09/29,Pitcairn Islands
Brendan Eaton,2014/12/25,Nigeria
Dane Dominguez,1953/06/27,Gibraltar
Hall Campbell,1992/05/09,Sint Maarten
Wade Medina,2007/12/27,Canada
Kyle Hendricks,1973/02/06,Svalbard and Jan Mayen Islands
Ashton Morrow,1923/02/23,Australia
Damian Caldwell,1993/05/09,United States
Flynn Robertson,1926/07/24,Ireland
Marshall Roman,1940/10/02,"Virgin Islands, United States"
Carl Walter,1958/04/29,Sudan
Vladimir Pacheco,1999/11/06,Micronesia
Byron Carpenter,2014/08/06,Mozambique
Shad Jefferson,2000/04/27,Brazil
Fletcher Montgomery,1992/07/08,Singapore
Wyatt Bradshaw,2013/07/29,Australia
Carl Riley,1973/03/05,Guatemala
Amery Nicholson,1970/06/30,Canada
Lamar Camacho,2004/03/27,Falkland Islands
Elvis Ramirez,1970/03/10,Australia
Driscoll Alford,1967/07/04,Australia
Allen Barnett,1935/09/10,Sint Maarten
Victor Wilkinson,1964/07/25,Marshall Islands
Brandon Mcfadden,1989/03/05,Brazil
Edan Burke,1960/11/23,Canada
Leroy Blackburn,1931/08/26,Oman
Damian Perez,2017/10/23,Guernsey
Scott Tucker,1986/12/25,Brazil
Fritz Hayes,1919/12/10,Malta
Channing Potts,2013/12/06,"Korea, South"
Ralph Tran,1979/04/25,Iraq
Thor Park,1922/05/22,Australia
Micah Cooley,1940/02/28,Malta
Castor Tillman,1957/10/21,Tonga
Joshua Hampton,1938/09/14,Canada
Burke Keller,2020/05/19,Macao
Prescott Phillips,1998/11/29,Tuvalu
Julian Harvey,1918/02/26,Italy
Brenden Hood,1933/10/23,Myanmar
Scott West,1930/12/26,Monaco
Zephania Duran,1936/08/12,Papua New Guinea
Armando Zimmerman,1939/06/08,Brazil
Kareem Schroeder,1966/01/30,Australia
Xenos Rhodes,2014/06/12,Palau
Jackson Frank,1969/09/11,Faroe Islands
Hamilton Brown,1932/09/24,Niger
Graiden Young,1961/12/23,Brazil
Harper Levy,1999/10/22,"Korea, South"
Declan Ramirez,1921/12/14,Morocco
Harlan Curry,2012/08/09,Canada
Rogan Gross,1962/08/12,Brazil
Clarke Hoover,1930/10/16,Somalia
Nero Banks,1975/07/03,Australia
Leonard Rodriguez,1927/12/31,Sao Tome and Principe
Macaulay Zimmerman,1989/11/11,Isle of Man
Gabriel Curry,1969/10/18,Turkey
Troy Cleveland,1967/01/22,United States
Warren Nieves,1949/09/25,Slovakia
Nathan Carter,2019/08/04,Switzerland
Carter Craft,1953/04/12,Tajikistan
Ignatius Levy,2003/02/25,San Marino
Nigel Garrison,1984/09/16,Guernsey
Brady Schultz,1951/12/22,Saint Lucia
Zeus Chang,1954/06/11,Namibia
Nathan Gentry,1924/10/27,Australia
Ronan Mcleod,1934/11/24,Slovenia
Nathaniel Joseph,1998/12/12,"Palestine, State of"
Erasmus Kramer,1930/04/07,Montserrat
Reed King,1953/03/22,Canada
Logan Phillips,2016/12/22,Australia
Berk Mcclain,2000/10/08,Australia
Owen Hancock,1919/08/26,Tunisia
Keith Brennan,1960/12/23,Nauru
Vladimir Todd,1992/08/18,Western Sahara
Jerry Rivers,1919/09/08,Lithuania
Nasim Sweet,1950/07/26,Thailand
Dolan Fleming,1933/02/19,Canada
Armand Johnson,2018/02/19,Tajikistan
Duncan Fulton,1990/05/13,Syria
Tobias Ruiz,2014/02/16,Brazil
Buckminster Mcclure,1920/05/07,Turkmenistan
Lucian Santiago,1967/10/27,San Marino
Cade Jimenez,2001/12/18,Montenegro
Lucas Morrison,1960/02/19,Canada
Travis Robinson,1951/08/06,Tokelau
Brody Ward,1933/07/02,Brazil
Ian Cameron,1967/05/11,Mozambique
Tyrone Cantu,1994/09/05,Montenegro
Austin Hammond,1967/05/13,Peru
Brennan Randolph,2013/09/03,United States Minor Outlying Islands
Tyrone Short,1935/11/30,Saint Barthélemy
Ross Cervantes,2014/02/07,Guam
Maxwell Nguyen,2011/03/09,Guadeloupe
Garrett Carney,1934/08/23,United States Minor Outlying Islands
Joel Pitts,1967/07/23,Finland
Abdul Kerr,1980/03/29,United States
Armand Paul,1943/03/10,Solomon Islands
Calvin Daugherty,1996/08/07,Brazil
Zeph Bruce,1951/04/15,Jamaica
Jonas Pitts,1954/10/28,Heard Island and Mcdonald Islands
Anthony Sargent,1979/10/01,Western Sahara
Honorato Prince,1994/03/05,Brazil
Ishmael Wong,1971/03/25,Canada
Mohammad Bowman,1983/07/09,Zimbabwe
Blake Battle,1980/06/10,Montenegro
Allistair Mckay,1974/07/16,Holy See (Vatican City State)
Baker Joyce,1942/06/09,Morocco
Russell Ballard,1977/09/27,Canada
David Clemons,2004/04/04,Guinea
Nathan Fields,1999/04/20,Suriname
Grant Martin,1963/02/24,Australia
Hu Armstrong,1937/01/21,Brazil
Darius Sanders,2005/05/30,Switzerland
Chase Ferguson,1955/07/16,Martinique
Omar Rosales,1925/02/03,Turks and Caicos Islands
Lucian Nieves,1991/05/20,Hungary
Coby Hammond,1946/10/06,Nigeria
Amir Vaughan,2003/10/03,Mauritius
Porter Macias,1965/02/19,Saint Lucia
Honorato Graves,1957/03/09,Guyana
Hamilton Avery,2002/03/04,Russian Federation
Ryder Haley,2017/09/15,Liberia
John Dudley,1953/06/09,Saint Pierre and Miquelon
Timothy Morin,1918/01/27,Panama
Ferris Pugh,1946/12/24,Romania
Vaughan Foley,2004/07/23,Tonga
Graiden Kidd,2009/12/25,Sao Tome and Principe
Alvin Thompson,1935/03/09,Tokelau
Tate Kline,1985/10/03,Liberia
Arthur Hays,2001/01/10,Brazil
Jermaine Greene,1985/12/14,Grenada
Jerry Mclean,1974/10/30,New Caledonia
Wylie Maddox,1994/11/23,Guam
Micah Stewart,1948/08/11,Monaco
Channing Miller,1990/02/17,Panama
Anthony Kelley,1982/03/11,Sweden
Aquila Decker,1987/09/07,Canada
Brian Kelley,1935/12/28,Guinea-Bissau
Tad Berger,1987/09/05,Spain
Zachary Bridges,1997/10/08,Mauritania
Dale Mcfadden,1963/05/26,Samoa
Matthew Knowles,1948/07/29,Micronesia
Chester Parsons,1923/06/10,Libya
Quinn James,2018/02/10,Gambia
Hayden Cross,2010/03/15,Georgia
Amery Ashley,1991/09/22,Honduras
Boris Ratliff,1964/12/06,Guinea
Oliver Carson,1939/08/06,Martinique
Odysseus Campos,1943/02/20,Canada
Aaron Mcdaniel,2011/05/20,Canada
Julian Carpenter,1922/01/19,Australia
Randall Morton,1927/05/13,Netherlands
Lester Ford,1958/10/02,Canada
Erasmus Lawrence,1927/02/16,Guam
Lucius Hicks,2001/10/17,Canada
Tiger Pierce,1917/01/22,"Saint Helena, Ascension and Tristan da Cunha"
Kareem Mccray,2009/01/25,Togo
Yoshio Good,1923/05/06,French Southern Territories
Nathan Rojas,1989/05/04,South Africa
Sylvester Murphy,1942/01/12,Mauritius
Channing Molina,1999/05/24,Brazil
Jacob Thomas,1951/04/18,Australia
Gavin Cervantes,1925/02/05,Laos
Hunter Bullock,1931/03/23,Switzerland
Adrian Sosa,1988/06/18,Australia
Hedley Morse,1984/01/20,United States
Jordan Turner,1990/07/02,Nicaragua
Nigel Golden,1955/01/21,Canada
Kaseem Ferrell,1926/06/13,Liechtenstein
Erich Mcclure,1959/05/01,Brazil
Ferdinand Williamson,1988/09/02,Swaziland
Ray Johnston,1991/11/02,Togo
Keith Casey,1995/03/20,Zimbabwe
Jasper Dennis,1946/10/13,United States Minor Outlying Islands
Duncan Tanner,1980/11/20,Martinique
Myles Lawrence,1997/10/14,Switzerland
Valentine Stevens,1920/08/10,Australia
Kamal Robles,1973/08/08,Mexico
Hilel Wright,1962/08/02,India
Devin Rosa,2012/08/02,Canada
Blake Pacheco,2020/09/25,Canada
Chandler Pratt,1976/10/12,Tonga
Phelan Bray,1950/05/31,Reunion
Ryder Swanson,1985/07/03,Svalbard and Jan Mayen Islands
Nolan Rojas,1971/04/08,Guernsey
Steven Hodges,1964/01/13,French Polynesia
Gareth Foley,1921/01/08,"Virgin Islands, United States"
Edan Alford,1959/12/24,Ghana
Mannix Gibson,1970/04/13,Uruguay
Cruz Rollins,2000/02/09,Canada
Buckminster Vang,1963/07/21,Netherlands
Harper Diaz,1948/04/30,Canada
Nathan Stanley,1991/04/09,Macao
Berk Jarvis,1981/01/12,Nepal
Solomon Forbes,2013/09/13,Tokelau
Gil William,1998/08/11,Svalbard and Jan Mayen Islands
Ian Ashley,1973/05/09,Greenland
Yuli Molina,2013/07/27,Brazil
Kermit Adams,2005/09/01,Canada
Callum May,1964/09/24,Papua New Guinea
Theodore Hood,1995/08/13,Thailand
Driscoll Finch,2016/08/27,France
Erasmus Santos,2003/01/05,Iraq
William Rowe,1931/08/03,Australia
Rajah Olson,1957/03/18,Sri Lanka
Jasper Frost,2001/01/23,Tokelau
Wallace Phillips,1925/06/15,Brazil
Carlos Rasmussen,1957/01/22,Thailand
Burke Mcgee,1960/04/14,Singapore
Hasad Byrd,2016/11/10,Sint Maarten
Stephen Trujillo,1988/08/07,Brazil
Peter Carpenter,1954/01/02,United Kingdom
Philip Moses,1965/10/30,Canada
Herman Pitts,1955/01/23,Guinea
Kibo James,1982/05/09,United States Minor Outlying Islands
Vaughan Suarez,1982/01/15,Micronesia
Amos Hartman,1947/02/19,Jamaica
Malcolm Ball,2000/08/21,Luxembourg
Adrian Gould,2006/01/12,Canada
Brenden Hogan,1933/04/24,Yemen
Vernon Gallagher,1988/04/20,Switzerland
Darius Marshall,1918/07/22,Myanmar
Alexander Mullen,1972/07/12,Australia
Oscar Wiggins,1924/11/06,San Marino
Xanthus Mcguire,1929/06/04,Turkmenistan
Garrison Golden,1920/03/29,Netherlands
Ralph Hunter,1937/12/10,Honduras
Preston Snow,2006/05/05,Zambia
Ashton Emerson,1948/11/06,Zimbabwe
Tarik Strong,1933/10/04,Norway
Brandon Hubbard,1986/05/04,South Georgia and The South Sandwich Islands
Todd Coleman,2009/10/23,Jamaica
Blake Larson,2009/05/21,Canada
Brady Phelps,2018/01/27,Brazil
Ross Wheeler,1999/01/29,United States
Scott Morse,1969/01/24,Slovenia
Jelani Petersen,1915/11/17,Canada
Thaddeus Sawyer,1938/03/13,Nicaragua
Quamar Osborne,1919/12/06,Canada
Ciaran Lynn,2006/08/01,Gibraltar
Leroy Mayer,1983/12/24,Iceland
Ulric Yates,1990/11/16,French Southern Territories
Burke Cain,1930/12/14,Serbia
Curran Calderon,2017/05/18,United Kingdom
Brody Reed,1919/12/02,Jamaica
Cody Cline,1942/03/11,Brazil
Samson Melendez,2018/08/18,Canada
Basil Higgins,1979/12/17,Zimbabwe
Brendan Howe,2005/02/21,Georgia
Berk Mosley,1965/01/07,Brazil
Alfonso Ballard,1971/09/25,Greenland
Jonah Burch,1955/07/23,United States Minor Outlying Islands
Jonas Lawson,1926/02/28,Brazil
Vernon George,1916/08/05,Australia
Theodore Hall,2020/03/31,Canada
Kato Jones,1919/01/25,Canada
Arden Kemp,1956/01/08,New Zealand
Owen Schultz,1986/09/08,Martinique
Steel Rivas,1979/12/17,Brazil
Bruce Dotson,1960/10/14,Brazil
Ferris Rosa,1936/03/29,Germany
Warren Parker,1923/12/21,Heard Island and Mcdonald Islands
Cameron Obrien,1979/05/07,Australia
Harding Stevens,1918/06/25,Brazil
Deacon Hammond,1915/12/02,Tuvalu
Devin Hudson,2006/08/19,Canada
Aristotle White,1997/01/14,Mali
Gannon Chase,1962/10/08,Gibraltar
Giacomo Mitchell,1969/02/11,Ukraine
Hyatt Curtis,1930/04/21,Zambia
Camden Hunt,1980/11/06,Nigeria
Steven Rowe,1959/02/18,Australia
Allistair Hart,1968/01/20,Canada
Quinn Alexander,1943/11/13,Australia
Tyler Wade,1917/04/11,Taiwan
Graiden Gould,1980/10/13,Niue
Nathaniel Lane,1940/05/05,Norfolk Island
August Munoz,1943/10/09,Nicaragua
Russell Love,1964/09/12,Canada
Hector Clayton,1962/12/29,"Korea, North"
Tarik Fitzpatrick,2012/05/31,Macedonia
Kadeem Perez,1998/04/25,Philippines
Lucian Sargent,1923/08/29,Oman
Kevin Mann,2016/03/27,Lesotho
Kasimir Dennis,1994/12/13,United States
Victor Zamora,1962/01/17,Marshall Islands
Barclay Mays,2009/10/05,Timor-Leste
Dale Powell,1917/04/08,Tunisia
Nash Mckinney,1994/03/26,Gambia
Anthony Guzman,2007/01/03,Iran
Upton Cobb,1974/08/12,Kenya
Hayes Warren,1960/01/09,Pakistan
Walker Nichols,1976/09/26,United States Minor Outlying Islands
Jordan Herman,1950/08/08,Finland
Robert Tran,1936/10/02,Afghanistan
Garth Walters,1918/10/19,Australia
Kenyon Burris,1942/02/21,Guatemala
Patrick Curtis,1961/12/14,Qatar
Sylvester Hahn,2015/10/03,Madagascar
Jameson Rosa,1933/07/18,Mauritius
Axel Ford,1981/03/24,Canada
Ivor Dominguez,1935/02/06,Timor-Leste
Kuame Tate,1937/09/06,Brazil
Emmanuel Bray,1947/05/05,Brazil
Ralph Haley,1993/05/20,Peru
Walker Thompson,2003/06/23,Fiji
Fulton Perez,1919/11/11,Singapore
Bradley Mcbride,1973/06/09,Kenya
Cullen Durham,1981/03/08,Australia
Ciaran Murray,1948/10/06,Australia
Jason Branch,1960/11/04,Pitcairn Islands
Benjamin Bartlett,1990/08/20,Montenegro
Ishmael Sharpe,1948/10/28,Pitcairn Islands
Zane Barnes,2020/04/04,"Palestine, State of"
Akeem Rush,1939/01/08,South Georgia and The South Sandwich Islands
Macon Kramer,1975/06/29,Heard Island and Mcdonald Islands
Wesley Carter,1957/05/25,Lesotho
Zeus Rivera,1995/04/18,Fiji
Kyle Pratt,1917/01/01,Honduras
Drake Hanson,1950/04/22,Heard Island and Mcdonald Islands
Clark Hewitt,1975/04/11,Timor-Leste
Uriah Conrad,1993/06/02,Uruguay
Macaulay Pearson,1969/06/11,"Palestine, State of"
Deacon Mcgowan,1963/01/10,Sweden
Brenden Short,2014/11/11,Gibraltar
Neville Sanford,1931/03/30,Malaysia
Scott Jones,1979/05/07,Isle of Man
Kaseem Orr,1937/01/04,Canada
Tanner Hogan,1918/06/04,Jersey
Theodore Miles,2019/06/24,Somalia
Paul Wynn,2002/08/05,Canada
Kelly Underwood,2014/10/05,Jersey
Dean Hodges,1948/03/01,Saint Kitts and Nevis
Allistair Allison,1939/04/06,Canada
Elijah Daniel,1921/06/17,Canada
Brent Burke,1998/10/03,Sri Lanka
Cain Briggs,1929/08/17,Palau
Kennan Wilkerson,2015/05/14,Canada
Cadman Knapp,1937/11/27,Brazil
Burke Crawford,2015/11/26,Morocco
Jesse Moran,1963/08/26,Suriname
Hashim Douglas,1942/09/23,Brazil
Jakeem Garza,1992/03/25,Canada
Hall Hensley,1965/02/16,Tanzania
Caleb Olson,1991/11/06,Brazil
Gil Mendoza,2019/06/06,Australia
Neville Livingston,2003/05/31,Samoa
Phelan Reed,2001/12/03,Saint Vincent and The Grenadines
Wesley Mathews,1922/07/14,Kazakhstan
Kareem Conner,1928/10/03,Hungary
Keaton Fowler,1925/10/18,Turks and Caicos Islands
Buckminster Harvey,1946/03/29,New Caledonia
Daquan Bradford,1941/02/06,Singapore
Jeremy Olsen,2015/11/29,Romania
Clarke Riggs,1951/09/15,Kenya
Hoyt Simmons,1973/12/29,South Sudan
Trevor Olson,1959/05/11,Spain
Devin Whitley,2019/07/28,Canada
Cooper Brock,1974/10/22,Monaco
Chase James,2008/06/30,Nepal
Chase Torres,1927/05/05,Brazil
Xavier Ramos,1956/08/17,Saint Pierre and Miquelon
Jameson Kelley,1983/08/06,Zimbabwe
Ali Lowe,1915/09/27,Canada
Leo Avila,1959/01/27,San Marino
Andrew Mccarty,1932/08/22,Canada
Devin Schneider,1987/03/20,Sierra Leone
Addison Hart,2011/08/09,Senegal
Christian Odom,1943/08/17,Mauritius
Rajah Wall,1921/05/19,Montserrat
Kadeem Patrick,1941/11/05,Canada
Burke Sanford,2001/11/02,Portugal
Hector Townsend,1984/10/09,Liechtenstein
Palmer Skinner,1989/03/26,Thailand
Raja Pratt,1965/05/30,Venezuela
Gage Dodson,1925/10/29,Canada
Elvis Martinez,1959/10/02,Myanmar
Gil Justice,1975/07/23,Luxembourg
Benjamin Leach,2019/08/11,Swaziland
Kyle Nieves,2018/09/16,Nepal
Louis Ward,1953/05/04,Canada
Hilel Middleton,1975/07/27,Australia
Lamar Hall,1961/07/25,Saint Martin
Denton Burton,1972/03/06,Saint Vincent and The Grenadines
Finn Perkins,1984/09/16,Slovenia
Matthew Lyons,1962/04/17,Tajikistan
David Wallace,2003/02/20,Afghanistan
Chaim Clemons,1967/02/08,Nigeria
George Gutierrez,1925/02/01,Canada
Ronan Carlson,1918/11/11,Nauru
Myles Joyner,2006/02/02,Uruguay
Barrett Stevenson,2005/01/19,Macedonia
Amir Kaufman,1934/08/29,Liberia
